name,price_usd,location,type,monthly_profit_usd,profit_multiple,age,verifications,listing_id,url
Ecommerce | Health and Beauty,11840,"NY, United States",Ecommerce,417,2.4,7 years,"Google Analytics, Shopify",12057969,https://flippa.com/12057969
Craft Easy Tools LLC,12000,"UT, United States",Ecommerce,393,2.5,2 years,"Amazon Seller, Google Analytics, QuickBooks, Shopify",11992372,https://flippa.com/11992372
vblink.net,14000,"CA, United States",Content,432,3.0,2 years,"Google AdSense, Google Analytics",12256662,https://flippa.com/12256662
Ecommerce | Home and Garden,15000,"ID, United States",Ecommerce,467,2.7,4 years,"Google Analytics, Shopify",13925391,https://flippa.com/13925391
Golden Corral Food Menu,16200,"NY, United States",Content,411,2.0,1 year,"Google AdSense, Google Analytics",12828347,https://flippa.com/12828347
currenwatches.com,19000,"DE, United States",Ecommerce,753,2.1,12 years,"Google Analytics, Paypal, Shopify",12015021,https://flippa.com/12015021
waredata.com + YouTube,20000,"CA, United States",Content,809,2.1,7 years,"Google AdSense, Google Analytics",11656984,https://flippa.com/11656984
Ecommerce | Design and Style,34628,"NJ, United States",Ecommerce,1450,2.0,6 years,"Amazon Seller, Google Analytics, Shopify",11857555,https://flippa.com/11857555
Ecommerce | Electronics,39994,"MD, United States",Ecommerce,1360,2.5,2 years,"eBay, Google Analytics, Paypal, Shopify, Stripe",14131051,https://flippa.com/14131051
Ecommerce | Automotive,40800,"WA, United States",Ecommerce,1740,2.0,5 years,"Google Analytics, Paypal, Shopify",11953748,https://flippa.com/11953748
Clinch River Fishing Company,43999,"TN, United States",Ecommerce,1640,2.2,1 year,"Google Analytics, Shopify",13455054,https://flippa.com/13455054
Reasons To Skip The Housework,55000,"WA, United States",Content,2000,2.3,3 years,"Google Analytics, Paypal",12026246,https://flippa.com/12026246
Ecommerce | Health and Beauty,69600,"NJ, United States",Ecommerce,2170,2.7,7 years,"Google Analytics, Shopify",12894806,https://flippa.com/12894806
Turbion Carrera Watches,82500,"TX, United States",Ecommerce,3490,2.0,6 years,"Google Analytics, Shopify",12096575,https://flippa.com/12096575
Ecommerce | Lifestyle,97000,"GA, United States",Ecommerce,3430,2.4,10 years,"Google Analytics, Shopify",14010320,https://flippa.com/14010320
